month,monthly_mean,seasonality_index
1,56066.1875,99.38229405274372
2,59081.625,104.72742468647319
3,61366.5,108.77756844065235
4,50720.375,89.90636687603256
5,49681.4375,88.06475793610915
6,47394.3125,84.01062585720899
7,61344.86666666667,108.73922143703855
8,57466.46666666667,101.86441317128727
9,57828.933333333334,102.5069175122679
10,62877.26666666667,111.45553646035675
11,54811.933333333334,97.1590172085933
12,58336.066666666666,103.40585636123605
