month,monthly_mean,seasonality_index
1,54843.41176470588,100.21188890818011
2,57270.705882352944,104.64712954398725
3,59142.0,108.0664266336125
4,49106.705882352944,89.72956999177711
5,48037.17647058824,87.77528671239932
6,46685.529411764706,85.30550774454413
7,59599.8125,108.90295838673549
8,55602.5,101.59892270967231
9,55799.5,101.9588883186612
10,60717.875,110.94592310094949
11,53115.4375,97.05447109847452
12,56808.75,103.80302685100662
