month,monthly_mean,seasonality_index
1,44138.22222222222,100.76469073272938
2,42364.333333333336,96.71501776712633
3,39772.22222222222,90.79739668259427
4,46154.88888888889,105.36860957555403
5,50116.11111111111,114.41182228439932
6,45421.125,103.69347433874087
7,41533.125,94.8174232011034
8,42916.25,97.97500762233406
9,41663.375,95.11477548008418
10,39113.875,89.29443279093636
11,46242.375,105.56833467742011
12,46203.25,105.4790148469777
